,seed,time,agent,env,episodes,epochs,success_rate
0,330,7806.4254150390625,TileCoding,Pendulum-v1,6000,1200000,0.025333333333333333
