,seed,time,agent,env,episodes,epochs,success_rate
0,14,21.051323890686035,binQ,MountainCar-v0,1400,278881,0.020714285714285713
