,seed,time,agent,env,episodes,epochs,success_rate
0,157,21.108121395111084,binQ,MountainCar-v0,1400,279130,0.019285714285714285
