,seed,time,agent,env,episodes,epochs,success_rate,abs_size
0,405,214.22373604774475,CAT-RL,Pendulum-v1,6000,1200200,0.0014997500416597234,162
