,seed,time,agent,env,episodes,epochs,success_rate,abs_size
0,639,202.40901589393616,CAT-RL,Pendulum-v1,6000,1200200,0.0006665555740709882,428
