,seed,time,agent,env,episodes,epochs,success_rate,abs_size
0,389,201.71119570732117,CAT-RL,Pendulum-v1,6000,1200200,0.0004999166805532411,414
