,seed,time,agent,env,episodes,epochs,success_rate,abs_size
0,639,207.75951766967773,CAT-RL,Pendulum-v1,6000,1200200,0.0068321946342276285,421
