,success,times,rewards,steps
0,0,0.783482551574707,-20.0,20
1,0,1.5961976051330566,-20.0,20
2,0,2.4233148097991943,-20.0,20
3,0,3.172841787338257,-20.0,20
4,0,3.9141039848327637,-20.0,20
