,success,times,rewards
0,0,0.7498793601989746,-20.0
1,0,1.490187406539917,-20.0
2,0,2.342857599258423,-20.0
3,0,3.070078134536743,-20.0
4,0,3.7801713943481445,-20.0
