,success,times,rewards
0,0,1.7635931968688965,-20.0
1,0,2.433643102645874,-20.0
2,0,3.1058316230773926,-20.0
3,0,3.7723867893218994,-20.0
4,0,4.444879770278931,-20.0
