,success,times,rewards,steps
0,0,0.4437413215637207,-10.0,10
1,0,0.7974107265472412,-10.0,10
2,0,1.1460812091827393,-10.0,10
3,0,1.5332441329956055,-10.0,10
4,0,1.9341883659362793,-10.0,10
