,success,times,rewards,steps
0,0,0.36705684661865234,0.20247,10
1,0,0.7313566207885742,3.60398,10
2,0,1.1043424606323242,7.92285,10
3,0,1.4586358070373535,5.77492,10
4,0,1.818312644958496,0.32063,10
