,seed,time,agent,env,episodes,epochs,success_rate
0,978,112.12374448776245,binQ,Pendulum-v1,6000,1200000,0.03216666666666667
