,success,times,rewards
0,0,0.8221421241760254,-20.0
1,0,1.58060884475708,-20.0
2,0,2.318047046661377,-20.0
3,0,3.0220305919647217,-20.0
4,0,3.7421960830688477,-20.0
