,success,times,rewards,steps
0,0,0.7572238445281982,-20.0,20
1,0,1.4889206886291504,-20.0,20
2,0,2.320760726928711,-20.0,20
3,0,3.0315120220184326,-20.0,20
4,0,3.7363102436065674,-20.0,20
