,success,times,rewards,steps
0,0,0.3825516700744629,-9.12012,10
1,0,0.755535364151001,-8.80973,10
2,0,1.0941662788391113,-8.889370000000001,10
3,0,1.437441110610962,-9.226329999999999,10
4,0,1.7890262603759766,-9.424669999999999,10
