{"3": {"2": -0.04964669546954143, "0": -0.05399104433310211, "3": -0.049469685115610354, "1": -0.061505676830465934}, "0": {"1": 0, "0": 0, "2": 0, "3": 0.006055135250785076}}