{"0": {"1": -0.42089932991266565, "2": -0.4012074827064828, "0": -0.41701030396466937}, "2": {"0": -0.4093291068629616, "2": -0.40307126987251424, "1": -0.4089830424675282}}