{"0": {"1": -0.30857031964445675, "0": -0.3971738265272396, "2": -0.3974226265222126}, "2": {"2": -0.35413293862101075, "0": -0.3713869088485034, "1": -0.3675045997338796}, "1": {"2": -0.08559752446575451, "1": -0.08548888323020719, "0": -0.08654499562762764}}