{"2": {"2": -0.22921202519034423, "1": -0.2291781718086547, "0": -0.22917642294115034}, "0": {"0": -0.292058496615151, "2": -0.4179133297404253, "1": -0.41493927103175554}, "1": {"0": -0.2197162523965452, "1": -0.21500938372187284, "2": -0.2182923875614437}}