{"1": {"2": -0.38647716093280043, "0": -0.38050469754576355, "1": -0.3740615170683814}, "2": {