{"0": {"2": -0.4137188705284167, "1": -0.367785288887034, "0": -0.4123561120187868}, "2": {"1": -0.04627908523765754, "2": -0.044806938321057234, "0": -0.04551690381570773}, "1": {"2": -0.37402778889259447, "1": -0.3763961887811085, "0": -0.3764115761417833}}