{"2": {"2": -0.1617167945728554, "0": -0.16173418954903493, "1": -0.16140968601799174}, "1": {"1": -0.3536312469966427, "0": -0.3526596972528634, "2": -0.22928076877258893}, "0": {"2": -0.4058442120359006, "0": -0.23115255913439792, "1": -0.4007192246197202}}