{"0": {"0": -0.23051417131382118, "2": -0.23066540037393599, "1": -0.23087273023677568}, "2": {"0": -0.2933202187509669, "1": -0.6868602687134729, "2": -0.6615389929194666}, "1": {"2": -0.018400494305204858, "0": -0.019319745078657104, "1": -0.020388691984417444}}