{"2": {"0": -0.41598517633140575, "2": -0.4122763468741116, "1": -0.39468064802124436}, "0": {"0": -0.40240883938906935, "1": -0.41368554038728633, "2": -0.41332328251597}, "1": {"2": -0.003923376665031611, "1": -0.0020176464328516227, "0": -0.0019962126423953568}}