{"0": {"2": 13.718980217181565, "1": 23.85791143775265, "0": 242.59066511163743}, "2": {"1": 4.816476842845708, "0": 4.640226484028633, "2": -0.4086664622741766}, "1": {"1": -0.003983679860143691, "0": 0.11891008411306325, "2": -0.0020553354385978127}}