{"2": {"2": -0.40072981898883964, "1": -0.2959744332531842, "0": -0.40555830368874995}, "0": {"1": -0.2694757460054944, "0": -0.2693740887672748, "2": -0.26943700434358153}, "1": {"1": -0.17981548131993766, "0": -0.17960785299046497, "2": -0.17992196123839505}}