{"2": {"0": -0.39375898236217055, "2": -0.4236669075596371, "1": -0.42245167714944193}, "0": {"0": -0.39990607829753344, "1": -0.3974198350472506, "2": -0.4001038302789511}, "1": {"0": -0.0060156792522749756, "2": -0.007039794581242693, "1": -0.006987222875449884}}