{"2": {"1": -0.4121304121002525, "0": -0.4136737881114066, "2": -0.38377673556073616}, "1": {"1": -0.03437406916533499, "0": -0.03500744637583857, "2": -0.03516407005764474}, "0": {"0": -0.3821701622555677, "1": -0.38117046829785245, "2": -0.38202526979425955}}