{"0": {"1": -0.38807983051044137, "2": -0.41380194775139156, "0": -0.41531999781913836}, "2": {"1": -0.4082975600999104, "2": -0.4087939799947815, "0": -0.39683131891915985}, "1": {"0": -0.008573368304230208, "1": -0.009882474552145887, "2": -0.010302219835656464}}