{"0": {"1": 5.616620307930479, "2": 58.33345705315919, "0": 4.683885386839829}, "2": {"0": 55.77328527540137, "2": -0.022632691037957287, "1": 4.840069162756004}, "1": {"2": 0.04745259892002478, "1": 9.980164479434032, "0": -0.0019714839138753075}}