{"2": {"2": -0.40378045907343424, "0": -0.38185786808447947, "1": -0.4024103332665049}, "0": {"1": -0.39803735179556504, "2": -0.4162430088418607, "0": -0.4127601920255924}, "1": {"1": -0.016157434783819112, "0": -0.014676879586934597, "2": -0.01563481057596632}}