,seed,time,agent,env,episodes,epochs,success_rate
0,639,38.153764486312866,binQ,CartPole-v1,6000,632757,0.06616666666666667
