,seed,time,agent,env,episodes,epochs,success_rate
0,224,37.084200382232666,binQ,CartPole-v1,6000,611110,0.06333333333333334
