,seed,time,agent,env,episodes,epochs,success_rate
0,673,33.55389142036438,binQ,CartPole-v1,6000,562194,0.03916666666666667
