{"0": {"1": 0.5834432152839629, "0": 0.0610983012242869}, "1": {"1": 0, "0": 0.002421909239091014}}