{"0": {"1": 0.14384002328420414, "0": 1.382549932919651}}