{"0": {"0": 1.2738838943261785, "1": 0.09711819935200645}}