{"0": {"1": 0.07956136354866834, "0": 0.6937316186797577}}