{"1": {"0": 1.431566201377157, "1": 0.15829831496325175}}