,success,times,rewards,steps
0,0,0.38611745834350586,13.942,10
1,0,0.7556376457214355,4.67406,10
2,0,1.0972349643707275,-10.23888,10
3,1,1.4522042274475098,-5.3134000000000015,10
4,0,1.8300890922546387,13.922480000000002,10
