,seed,time,agent,env,episodes,epochs,success_rate
0,2,111.54957127571106,binQ,Pendulum-v1,6000,1200000,0.021333333333333333
