{"2": {"1": -0.046053576243534296, "2": -0.04482024473322428, "0": -0.04613211312087551}}