{"2": {"2": -0.08924760255493634, "0": -0.08849492410400221, "3": -0.0885646013575676, "1": -0.0885725529081555}, "1": {"0": -0.05460602835588326, "2": -0.0582477249941413, "3": -0.10091385364170496, "1": -0.07734818406799575}}