,success,times,rewards,steps
0,0,0.432142972946167,-39.78772,10
1,0,0.7977969646453857,-76.40002,10
2,0,1.1535584926605225,-24.62399,10
3,0,1.5408375263214111,-88.7122,10
4,0,1.9123764038085938,-26.98859,10
