,success,times,rewards,steps
0,0,0.8639390468597412,-2.08402,20
1,0,1.6847388744354248,-112.44030000000001,20
2,0,2.4409124851226807,-141.9744,20
3,0,3.1775548458099365,-154.80720000000002,20
4,0,3.890801191329956,-177.8425,20
