,seed,time,agent,env,episodes,epochs,success_rate
0,517,15643.011804103851,TileCoding,Pendulum-v1,6000,1200000,0.018166666666666668
