{"2": {"0": -0.05991517906822288, "2": -0.061651910559812166, "1": -0.06099554737612465}}