{"2": {"1": -0.05162114332263985, "0": -0.0503766251010119, "2": -0.0511885149707312}}