{"2": {"1": -0.04840081216746542, "2": -0.04821377627398481, "0": -0.047381432035092944}}