{"2": {"2": -0.0583039639100603, "1": -0.05823377271407188, "0": -0.05712318106864618}}