{"2": {"2": -0.06117698285222066, "1": -0.0613332122349588, "0": -0.05957140839567747}}