{"2": {"2": -0.008822137604550227, "1": -0.00879676692237009, "0": -0.008594779412283994}}