,seed,time,agent,env,episodes,epochs,success_rate
0,176,113.49721360206604,binQ,Pendulum-v1,6000,1200000,0.02666666666666667
