,seed,time,agent,env,episodes,epochs,success_rate
0,521,113.82974219322205,binQ,Pendulum-v1,6000,1200000,0.018666666666666668
