,seed,time,agent,env,episodes,epochs,success_rate
0,673,112.6627197265625,binQ,Pendulum-v1,6000,1200000,0.018833333333333334
