,seed,time,agent,env,episodes,epochs,success_rate
0,405,113.90474462509155,binQ,Pendulum-v1,6000,1200000,0.019833333333333335
