,seed,time,agent,env,episodes,epochs,success_rate
0,521,126.71156144142151,binQ,Pendulum-v1,6000,1200000,0.09683333333333333
