,seed,time,agent,env,episodes,epochs,success_rate
0,389,127.6153495311737,binQ,Pendulum-v1,6000,1200000,0.06616666666666667
