,seed,time,agent,env,episodes,epochs,success_rate
0,639,126.64109516143799,binQ,Pendulum-v1,6000,1200000,0.06583333333333333
