,seed,time,agent,env,episodes,epochs,success_rate
0,869,127.26163148880005,binQ,Pendulum-v1,6000,1200000,0.07783333333333334
