,seed,time,agent,env,episodes,epochs,success_rate
0,869,113.44064521789551,binQ,Pendulum-v1,6000,1200000,0.02033333333333333
