,seed,time,agent,env,episodes,epochs,success_rate
0,521,112.49457859992981,binQ,Pendulum-v1,6000,1200000,0.025666666666666667
