,seed,time,agent,env,episodes,epochs,success_rate
0,432,126.3558452129364,binQ,Pendulum-v1,6000,1200000,0.10733333333333334
