,seed,time,agent,env,episodes,epochs,success_rate
0,389,112.76111960411072,binQ,Pendulum-v1,6000,1200000,0.03266666666666666
