,seed,time,agent,env,episodes,epochs,success_rate
0,580,113.87650680541992,binQ,Pendulum-v1,6000,1200000,0.022166666666666668
