,seed,time,agent,env,episodes,epochs,success_rate
0,869,112.7532856464386,binQ,Pendulum-v1,6000,1200000,0.03333333333333333
