{"1": {"1": -8.165558463401999e-05, "0": 0.030029032436033942}}