,seed,time,agent,env,episodes,epochs,success_rate
0,389,170.01143193244934,binQ,LunarLander-v2,6000,1401727,0.020166666666666666
