,seed,time,agent,env,episodes,epochs,success_rate
0,869,153.13714861869812,binQ,LunarLander-v2,6000,1266389,0.012833333333333334
