,success,times,rewards
0,0,0.6982202529907227,-20.0
1,0,1.4519987106323242,-20.0
2,0,2.3626301288604736,-20.0
3,0,3.0759360790252686,-20.0
4,0,3.891144037246704,-20.0
