,success,times,rewards
0,0,1.9777545928955078,-20.0
1,0,2.850146770477295,-20.0
2,0,3.6190130710601807,-20.0
3,0,4.2931342124938965,-20.0
4,0,4.960100173950195,-20.0
