,success,times,rewards
0,0,0.7208623886108398,-20.0
1,0,1.4742915630340576,-20.0
2,0,2.3495850563049316,-20.0
3,0,3.068631649017334,-20.0
4,0,3.8551313877105713,-20.0
