{"1": {"1": -199.60209937350922, "0": -199.77589067311473}, "0": {"0": 0, "1": 0.00200097901}}