{"1": {"0": -199.68653430647487, "1": -198.69121380828483}, "0": {"0": -0.9979950860783495, "1": 0}}