{"1": {"1": -199.60530760413656, "0": -199.7745548617473}, "0": {"1": 0, "0": 0.00100099}}