{"1": {"1": -199.77371116939003, "0": -199.61468216437774}}