{"0": {"0": -149.66910168181423, "1": -150.5342320554906}, "1": {"0": -50.01557864394858, "1": -49.31747234295113}}