{"0": {"1": -79.18496607293599, "0": -80.02494862975877}, "1": {