{"1": {"1": -192.703087255238, "0": -191.7059792922116}, "0": {"1": -7.000548098242484, "0": -7.989410825848814}}