{"1": {"1": -100.02379510810263, "0": -99.04534042503585}, "0": {"1": -99.79858219201742, "0": -100.81138187686521}}