{"0": {"0": -199.60202095339108, "1": -199.78054993277146}}