{"0": {"0": -199.59825058855554, "1": -199.77769607789787}, "1": {"0": 0, "1": 0.0010029680101099}}