,seed,time,agent,env,episodes,epochs,success_rate
0,552,112.44294476509094,binQ,Pendulum-v1,6000,1200000,0.016166666666666666
