,success,times,rewards
0,0,0.8222858905792236,-154.80071
1,0,1.5682454109191895,-118.83773
2,0,2.266746759414673,-147.3232
3,0,2.9764389991760254,-186.45943999999997
4,0,3.6716277599334717,-152.67908
