{"0": {"1": -0.22491153372418152, "3": -0.22477706037660292, "0": -0.22269840794982684, "2": -0.22473358788183806}, "3": {"1": -0.6791199934139257, "3": -0.6780463732677819, "0": -0.320931629921027, "2": -0.6600311655660043}, "1": {"2": -0.6170948693306718, "3": -0.5988537588433639, "0": -0.3331489980894332, "1": -0.6552766670453101}, "2": {"2": -0.07708501781797525, "3": -0.07699897156331113, "1": -0.0846506982263248, "0": -0.07720895529416906}}