{"2": {"2": -0.6828940361317273, "1": -0.9595915672076614, "3": -0.9510900507703673, "0": -0.9396648680622307}, "1": {"0": -0.29273465132078946, "1": -0.2940694355561088, "3": -0.2932116713673913, "2": -0.294158537441849}, "0": {"1": -0.7518434763573967, "2": -0.7096091628126581, "3": -0.7095717236624602, "0": -0.7042888659780163}, "3": {"2": -0.03307605018035976, "1": -0.03978052280298599, "3": 0, "0": -0.03293626755382793}}