{"0": {"3": -0.6577795029735417, "1": -0.7218732930357897, "2": -0.7329614213990734, "0": -0.7283126265308568}, "3": {"2": -0.1842097409583979, "0": -0.19090617542877186, "3": -0.18683168486523108, "1": -0.18234514748724434}, "1": {"0": -0.05586577831163769, "3": -0.06864566491766348, "2": -0.07011029625544046, "1": -0.07287477482822699}, "2": {"2": -0.7102734671706237, "1": -0.6983543929749835, "0": -0.7453957591120239, "3": -0.7343330124957708}}