{"2": {"2": -0.6406503216538718, "0": -0.5978669803044384, "3": -0.49694400547809114, "1": -0.599482961140308}, "3": {"3": -0.2210973519316958, "0": -0.2224550364626078, "1": -0.22100611115558658, "2": -0.2217867978860212}, "1": {"0": -0.5967965048365063, "3": -0.762556109364523, "2": -0.7906563010834642, "1": -0.7745839655729385}, "0": {"1": -0.034247808167400605, "0": -0.03189024205842679, "3": -0.034167459718923474, "2": -0.034164188192097836}}