{"3": {"0": -0.9213251401835646, "3": -0.6244882355697654, "1": -0.9005710649633557, "2": -0.9339913915957637}, "2": {"2": -0.32256694842543093, "0": -0.3211277320485298, "3": -0.32242785129407175, "1": -0.32654645217087147}, "0": {"2": -0.5869863264844672, "1": -0.5868963247986023, "0": -0.5869581390645952, "3": -0.5869696291180001}, "1": {"0": -0.00690970328483001, "3": -0.006500184131468041, "1": -0.02447836242071641, "2": -0.0041637919333531925}}