,success,times,rewards,steps
0,0,0.35049915313720703,-992.0,9
1,0,0.7523248195648193,-992.0,9
2,0,1.1223132610321045,-992.0,9
3,0,1.4747607707977295,-992.0,9
4,0,1.845526933670044,-991.0,10
