,success,times,rewards
0,1,0.4421398639678955,11.0
1,1,0.8677561283111572,12.0
2,1,1.244420051574707,10.0
3,1,1.6977872848510742,10.0
4,1,2.1478538513183594,11.0
