{"1": {"1": -2.974693775140675, "0": -1.9839015244110836}}