{"2": {"2": -0.06985257430676337, "1": -0.06960430122372334, "0": -0.06997725454937445}, "1": {"0": -0.014999250012500001, "2": -0.010466945431954392, "1": -0.014999250012500001}}