{"1": {"1": -598.220508452065, "0": -597.3012789810156}, "0": {"0": -596.3605005816379, "1": -597.2544092655456}}