{"0": {"1": -602.2143229254897, "0": -601.3874636080847}, "1": {"0": -593.1926041244047, "1": -592.4159656920207}}