{"0": {"1": -598.2046646718134, "0": -597.2939557940631}, "1": {"0": -597.2745052123452, "1": -596.3161173629752}}