{"1": {"0": -598.8078853369746, "1": -597.9186163500337}, "0": {"0": -595.7731091719979, "1": -596.6040231863899}}