{"0": {"0": -597.2336162212227, "1": -598.2975976554713}, "1": {"0": -597.2609060773005, "1": -596.3654811308212}}