{"0": {"1": -597.8639183739424, "0": -597.9508339485702}, "1": {"1": -596.6775164442862, "0": -596.6232487057465}}