{"0": {"0": -1189.7126319802114, "1": -1188.7297655250206}, "1": {"1": 0.0010029680101099, "0": 0}}