{"0": {"1": -1188.7246300383267, "0": -1189.6928981293597}}