{"0": {"0": -978.5811791991229, "1": -977.591175516908}, "1": {"1": -214.71228415172203, "0": -213.94175724908794}}